{
  "norm_stats": {
    "state": {
      "mean": [
        0.014805768616497517,
        0.28130561113357544,
        -0.01226072944700718,
        -2.008253574371338,
        0.0037130338605493307,
        2.337723731994629,
        0.007821565493941307,
        0.37512728571891785
      ],
      "std": [
        0.2535964846611023,
        0.4547468423843384,
        0.21649989485740662,
        0.48537564277648926,
        0.4132141172885895,
        0.4241952896118164,
        0.7054221034049988,
        0.4019494652748108
      ],
      "q01": [
        -0.6120700432062149,
        -0.7351593107819557,
        -0.6366026165962219,
        -2.7561972845196725,
        -1.3140685589313508,
        1.2496283916354178,
        -1.603961437225342,
        0.0
      ],
      "q99": [
        0.8578144344091414,
        1.2899692636966704,
        0.4837145872116091,
        -0.3646666507720946,
        1.604162673473358,
        3.5129196637511253,
        2.1132550678253175,
        0.991
      ]
    },
    "actions": {
      "mean": [
        -0.00017603408196009696,
        0.030749736353754997,
        0.0033804019913077354,
        0.022212116047739983,
        -0.0005048531456850469,
        0.011481867171823978,
        0.003276286879554391,
        0.42768487334251404
      ],
      "std": [
        0.08690870553255081,
        0.1857852339744568,
        0.08891557157039642,
        0.1690528690814972,
        0.13721568882465363,
        0.15636888146400452,
        0.1680687814950943,
        0.4396345019340515
      ],
      "q01": [
        -0.27609803695678714,
        -0.4827976556420326,
        -0.2678458191871643,
        -0.543040348815918,
        -0.4597742322921753,
        -0.4123609010696411,
        -0.5152375452518463,
        0.0
      ],
      "q99": [
        0.260990282535553,
        0.5575523082613947,
        0.2864348475933076,
        0.5068259698867796,
        0.43914957036972035,
        0.535689463043213,
        0.5421688746213915,
        0.9976
      ]
    }
  }
}